{"STATE":{"0":1,"1":2,"2":4,"3":5,"4":6,"5":8,"6":9,"7":10,"8":11,"9":12,"10":13,"11":15,"12":16,"13":17,"14":18,"15":19,"16":20,"17":21,"18":22,"19":23,"20":24,"21":25,"22":26,"23":27,"24":28,"25":29,"26":30,"27":31,"28":32,"29":33,"30":34,"31":35,"32":36,"33":37,"34":38,"35":39,"36":40,"37":41,"38":42,"39":44,"40":45,"41":46,"42":47,"43":48,"44":49,"45":50,"46":51,"47":53,"48":54,"49":55,"50":56},"RESPONSE_TIME":{"0":null,"1":61.1902792141,"2":73.0179948586,"3":null,"4":66.2995553475,"5":71.3518518519,"6":61.0,"7":null,"8":61.5254643499,"9":60.410321489,"10":63.7653478854,"11":61.2461538462,"12":72.25,"13":64.6995595926,"14":null,"15":58.6508422665,"16":77.275862069,"17":65.8181818182,"18":null,"19":61.9746478873,"20":63.4797178131,"21":65.0285467128,"22":64.8405361682,"23":63.6256921373,"24":61.1429675425,"25":63.1113876789,"26":112.3333333333,"27":62.1054263566,"28":65.6395043184,"29":65.4422342777,"30":72.2722722723,"31":60.1852286049,"32":63.2658349328,"33":60.5160875161,"34":62.8953301127,"35":72.0770089286,"36":70.2604379562,"37":62.9414490962,"38":69.4953959484,"39":62.0312975165,"40":70.9806417396,"41":65.4787714544,"42":63.1498316498,"43":null,"44":64.4787472036,"45":61.843537415,"46":66.586998088,"47":67.1156007493,"48":65.0016810408,"49":67.9401459854,"50":65.2416918429},"NAME":{"0":"Alabama","1":"Alaska","2":"Arizona","3":"Arkansas","4":"California","5":"Colorado","6":"Connecticut","7":"Delaware","8":"District of Columbia","9":"Florida","10":"Georgia","11":"Hawaii","12":"Idaho","13":"Illinois","14":"Indiana","15":"Iowa","16":"Kansas","17":"Kentucky","18":"Louisiana","19":"Maine","20":"Maryland","21":"Massachusetts","22":"Michigan","23":"Minnesota","24":"Mississippi","25":"Missouri","26":"Montana","27":"Nebraska","28":"Nevada","29":"New Hampshire","30":"New Jersey","31":"New Mexico","32":"New York","33":"North Carolina","34":"North Dakota","35":"Ohio","36":"Oklahoma","37":"Oregon","38":"Pennsylvania","39":"Rhode Island","40":"South Carolina","41":"South Dakota","42":"Tennessee","43":"Texas","44":"Utah","45":"Vermont","46":"Virginia","47":"Washington","48":"West Virginia","49":"Wisconsin","50":"Wyoming"},"FATALS":{"0":9503,"1":870,"2":11131,"3":5439,"4":41036,"5":6440,"6":2831,"7":1242,"8":283,"9":33916,"10":15821,"11":1148,"12":2435,"13":10905,"14":9026,"15":3466,"16":4148,"17":7962,"18":7926,"19":1460,"20":5657,"21":3301,"22":10920,"23":3982,"24":7105,"25":9487,"26":1848,"27":2402,"28":3651,"29":1094,"30":6191,"31":4877,"32":11194,"33":14629,"34":1191,"35":11506,"36":6857,"37":4866,"38":12248,"39":581,"40":10208,"41":1360,"42":10542,"43":42068,"44":3156,"45":591,"46":7359,"47":6233,"48":2709,"49":5908,"50":1333},"RUR":{"0":-0.2658632563,"1":-0.0374479889,"2":0.3307774228,"3":-0.2737814043,"4":0.2786216277,"5":0.172900494,"6":0.7270985052,"7":-0.0304083406,"8":0.9704797048,"9":0.3871162759,"10":0.3354728284,"11":0.5737704918,"12":-0.5072324012,"13":0.2965632508,"14":-0.2333848532,"15":-0.5128740431,"16":-0.4488836663,"17":-0.367638484,"18":0.1664267204,"19":-0.5941130906,"20":0.5767451217,"21":0.8718718719,"22":0.1699687174,"23":-0.1723940435,"24":-0.394714113,"25":-0.0325682009,"26":-0.7442455243,"27":-0.4077817079,"28":0.4315457413,"29":-0.0530612245,"30":0.7791786744,"31":-0.1257189811,"32":0.1623275594,"33":-0.1860428728,"34":-0.8174273859,"35":0.1026785714,"36":-0.211201867,"37":-0.1784757731,"38":0.046284903,"39":0.58984375,"40":-0.1991525424,"41":-0.7120772947,"42":0.1407179035,"43":0.1946595769,"44":0.2339350181,"45":-0.6513026052,"46":-0.1599038173,"47":0.1394670298,"48":-0.2322274882,"49":-0.2606204307,"50":-0.6361904762}}